 ,university,humanities,conference
phil.txt,0.0,0.005250875145857643,0.01575262543757293,0.027421236872812137
theo.txt,0.0,0.0,0.0054525627044711015,0.006543075245365322
grcv.txt,0.0,0.016660075143365632,0.014385999604508601,0.008601937907850504
